User_ID,User_Type,Usability_Rating,Clarity_Rating,Comments
1,Policy,3,1,"The mobile interface lacks critical functionality available on desktop, particularly for map-based data exploration and filtering"
2,Policy,3,4,The load forecasting algorithm doesn't consider seasonal variations or special events that significantly impact electricity demand
3,Engineer,1,2,Missing comparative analysis between different charger types makes capital allocation decisions difficult without external tools
4,Engineer,4,4,"Geospatial coordinates for some charging stations are inaccurate, placing them in residential buildings instead of actual locations"
5,Investor,4,2,Operating cost projections are static and don't account for maintenance escalation or technological obsolescence risks
6,Investor,1,1,The API documentation is incomplete and lacks examples for integrating real-time charging station status with third-party applications
7,Investor,1,2,"Scenario planning module to model different adoption curves, policy interventions, and technology disruption scenarios"
8,Investor,1,3,"Customizable alert system for abnormal charging patterns, equipment failures, or significant deviations from forecasted demand"
9,Policy,2,5,Missing integration with national development goals makes it difficult to align EV infrastructure planning with broader economic strategies
10,Investor,1,1,"Public health co-benefits from reduced air pollution are not quantified, making cost-benefit analysis incomplete for policy justification"
11,Engineer,5,5,Integration with renewable energy generation data would help optimize charging schedules for maximum clean energy utilization
12,Engineer,3,5,Battery degradation models are oversimplified and don't account for different chemistry types or charging patterns impact on lifespan
13,Engineer,2,2,The investment risk assessment doesn't incorporate regulatory changes or potential policy shifts over the 5-10 year horizon
14,Policy,3,2,"Real-time data updates are inconsistent across dashboard components, causing confusion when different panels show conflicting numbers"
15,Engineer,2,1,Export functionality is limited to CSV format; we need PDF reports with customizable layouts for executive presentations
16,Policy,2,1,"Historical data has significant gaps during 2020-2021 period, limiting trend analysis and long-term performance assessment"
17,Investor,1,1,Export functionality is limited to CSV format; we need PDF reports with customizable layouts for executive presentations
18,Policy,1,5,The investment risk assessment doesn't incorporate regulatory changes or potential policy shifts over the 5-10 year horizon
19,Engineer,1,3,"Energy consumption metrics don't correlate with actual billing data from utility providers, indicating calibration problems"
20,Engineer,4,4,"Real-time data updates are inconsistent across dashboard components, causing confusion when different panels show conflicting numbers"
21,Investor,5,2,"Geospatial coordinates for some charging stations are inaccurate, placing them in residential buildings instead of actual locations"
22,Policy,2,3,"Geospatial coordinates for some charging stations are inaccurate, placing them in residential buildings instead of actual locations"
23,Engineer,1,3,The load forecasting algorithm doesn't consider seasonal variations or special events that significantly impact electricity demand
24,Investor,3,2,"The mobile interface lacks critical functionality available on desktop, particularly for map-based data exploration and filtering"
25,Policy,5,4,"Geospatial coordinates for some charging stations are inaccurate, placing them in residential buildings instead of actual locations"
26,Policy,1,2,Missing interoperability standards between different charger manufacturers creates integration challenges at the network level
27,Engineer,4,5,The vehicle range data appears outdated and doesn't reflect improvements in newer EV models entering the Rwandan market
28,Policy,4,3,The vehicle range data appears outdated and doesn't reflect improvements in newer EV models entering the Rwandan market
29,Policy,1,5,"The subsidy modeling tool doesn't account for varying income levels across regions, limiting its effectiveness for social equity analysis"
30,Investor,1,1,"Scenario planning module to model different adoption curves, policy interventions, and technology disruption scenarios"
